{"cameraMode":{"drawMode":0,"name":"Shaded","section":"Shading Mode"},"sceneLighting":true,"audioPlay":false,"sceneViewState":{"showFog":false,"showMaterialUpdate":false,"showSkybox":false,"showFlares":false,"showImageEffects":false,"showParticleSystems":false},"in2DMode":false,"pivot":{"x":7.832028865814209,"y":4.1712446212768559,"z":44.63623809814453},"rotation":{"x":-0.02493775635957718,"y":-0.9612012505531311,"z":0.2586875855922699,"w":-0.09276395291090012},"size":2.576155424118042,"orthographic":false}